Name,Price,Link
Google Pixel 9 Pro XL 128GB - Obsidian - Unlocked,1499.99,https://www.bestbuy.ca/en-ca/product/google-pixel-9-pro-xl-128gb-obsidian-unlocked/18165492
Google Pixel 9 Pro XL 256GB - Hazel - Unlocked,1629.99,https://www.bestbuy.ca/en-ca/product/google-pixel-9-pro-xl-256gb-hazel-unlocked/18165475
Google Pixel 9 128GB - Obsidian - Unlocked,1099.99,https://www.bestbuy.ca/en-ca/product/google-pixel-9-128gb-obsidian-unlocked/18165476
Google Pixel 8a 128GB - Obsidian - Unlocked,679.99,https://www.bestbuy.ca/en-ca/product/google-pixel-8a-128gb-obsidian-unlocked/17903323
Google Pixel 7a 128GB - Charcoal - Unlocked,599.99,https://www.bestbuy.ca/en-ca/product/google-pixel-7a-128gb-charcoal-unlocked/17034776
Google Pixel 9 Pro XL 256GB - Obsidian - Unlocked,1629.99,https://www.bestbuy.ca/en-ca/product/google-pixel-9-pro-xl-256gb-obsidian-unlocked/18165493
Google Pixel 9 128GB - Porcelain - Unlocked,1099.99,https://www.bestbuy.ca/en-ca/product/google-pixel-9-128gb-porcelain-unlocked/18165478
Brand New - Google Pixel 8 128GB - Obsidian - Unlocked,626.76,https://www.bestbuy.ca/en-ca/product/brand-new-google-pixel-8-128gb-obsidian-unlocked/17478259
Google Pixel 8 128GB - Obsidian - Unlocked,949.99,https://www.bestbuy.ca/en-ca/product/google-pixel-8-128gb-obsidian-unlocked/17301744
Google Pixel 9 Pro XL 256GB - Rose Quartz - Unlocked,1629.99,https://www.bestbuy.ca/en-ca/product/google-pixel-9-pro-xl-256gb-rose-quartz-unlocked/18165473
Google Pixel 9 256GB - Obsidian - Unlocked,1229.99,https://www.bestbuy.ca/en-ca/product/google-pixel-9-256gb-obsidian-unlocked/18165480
Google Pixel 9 Pro XL 256GB - Porcelain - Unlocked,1629.99,https://www.bestbuy.ca/en-ca/product/google-pixel-9-pro-xl-256gb-porcelain-unlocked/18165494
Google Pixel 9 128GB - Wintergreen - Unlocked,1099.99,https://www.bestbuy.ca/en-ca/product/google-pixel-9-128gb-wintergreen-unlocked/18165477
Google Pixel 8 Pro | 256GB – 6.7’ LTPO OLED Display - Bay – Unlocked – New,1095.0,https://www.bestbuy.ca/en-ca/product/google-pixel-8-pro-256gb-6-7-ltpo-oled-display-bay-unlocked-new/17491366
Brand New - Google Pixel 8 128GB - Obsidian - Unlocked,697.95,https://www.bestbuy.ca/en-ca/product/brand-new-google-pixel-8-128gb-obsidian-unlocked/17664792
Google Pixel 8a 128GB - Bay - Unlocked,679.99,https://www.bestbuy.ca/en-ca/product/google-pixel-8a-128gb-bay-unlocked/17903321
Google Pixel 8 Pro 128GB - Obsidian - Unlocked,1349.99,https://www.bestbuy.ca/en-ca/product/google-pixel-8-pro-128gb-obsidian-unlocked/17301751
Google Pixel 9 128GB - Peony - Unlocked,1099.99,https://www.bestbuy.ca/en-ca/product/google-pixel-9-128gb-peony-unlocked/18165479
Google Pixel 9 256GB - Wintergreen - Unlocked,1229.99,https://www.bestbuy.ca/en-ca/product/google-pixel-9-256gb-wintergreen-unlocked/18165486
Google Pixel 9 256GB - Peony - Unlocked,1229.99,https://www.bestbuy.ca/en-ca/product/google-pixel-9-256gb-peony-unlocked/18165481
Google Pixel 8 128GB - Hazel - Unlocked,949.99,https://www.bestbuy.ca/en-ca/product/google-pixel-8-128gb-hazel-unlocked/17301745
Google Pixel 8 128GB - Rose - Unlocked,949.99,https://www.bestbuy.ca/en-ca/product/google-pixel-8-128gb-rose-unlocked/17301746
Google Pixel 8a 128GB - Porcelain - Unlocked,679.99,https://www.bestbuy.ca/en-ca/product/google-pixel-8a-128gb-porcelain-unlocked/17903322
Brand New - Google Pixel 8 Pro 256GB - Porcelain - Unlocked,1054.98,https://www.bestbuy.ca/en-ca/product/brand-new-google-pixel-8-pro-256gb-porcelain-unlocked/18167323
Google Pixel 8 128GB - Obsidian - Unlocked - New (Bundle with Screen protector and Type-C Cable),668.0,https://www.bestbuy.ca/en-ca/product/google-pixel-8-128gb-obsidian-unlocked-new-bundle-with-screen-protector-and-type-c-cable/17555652
Google Pixel 7 Pro | 128GB – 6.7’ LTPO AMOLED Display – 50MP – Obsidian – Smartphone – Unlocked - New,672.0,https://www.bestbuy.ca/en-ca/product/google-pixel-7-pro-128gb-6-7-ltpo-amoled-display-50mp-obsidian-smartphone-unlocked-new/16925294
Google Pixel 7 128GB - Obsidian - Unlocked - New,699.99,https://www.bestbuy.ca/en-ca/product/google-pixel-7-128gb-obsidian-unlocked-new/16645255
Google Pixel 4a 128GB Black Unlocked New,210.0,https://www.bestbuy.ca/en-ca/product/google-pixel-4a-128gb-black-unlocked-new/16483488
"Google Pixel 6A (128GB+6GB, Charcoal) - Brand New",427.99,https://www.bestbuy.ca/en-ca/product/google-pixel-6a-128gb6gb-charcoal-brand-new/16397713
Brand New - Google Pixel 8 Pro 512GB - Bay - Unlocked,1228.0,https://www.bestbuy.ca/en-ca/product/brand-new-google-pixel-8-pro-512gb-bay-unlocked/18167322
Google Pixel 5 128GB - Just Black - Unlocked - Brand New,317.0,https://www.bestbuy.ca/en-ca/product/google-pixel-5-128gb-just-black-unlocked-brand-new/15146202
Brand New - Google Pixel 7a 128GB - Charcoal - Unlocked,523.99,https://www.bestbuy.ca/en-ca/product/brand-new-google-pixel-7a-128gb-charcoal-unlocked/18439337
Google Pixel 8 Pro 512GB - Porcelain - Unlocked Brand New,1149.0,https://www.bestbuy.ca/en-ca/product/google-pixel-8-pro-512gb-porcelain-unlocked-brand-new/18141743
Google Pixel 7 128GB - Obsidian - Unlocked,299.97,https://www.bestbuy.ca/en-ca/product/google-pixel-7-128gb-obsidian-unlocked/16497684
Google Pixel 8 256GB - Rose - Unlocked,1029.99,https://www.bestbuy.ca/en-ca/product/google-pixel-8-256gb-rose-unlocked/17301757
Google Pixel 6 128GB - Stormy Black - Unlocked,485.97,https://www.bestbuy.ca/en-ca/product/google-pixel-6-128gb-stormy-black-unlocked/15748206
Brand New - Google Pixel 7a - 128GB - Sea - Unlocked,546.0,https://www.bestbuy.ca/en-ca/product/brand-new-google-pixel-7a-128gb-sea-unlocked/17920314
Brand New - Google Pixel 8 Pro 128GB - Porcelain - Unlocked,919.99,https://www.bestbuy.ca/en-ca/product/brand-new-google-pixel-8-pro-128gb-porcelain-unlocked/18247075
Google Pixel 8 Pro - 128gb - Obsidian - Unlocked - Brand New,999.0,https://www.bestbuy.ca/en-ca/product/google-pixel-8-pro-128gb-obsidian-unlocked-brand-new/17934317
Google Pixel 6 128GB - Stormy Black - Unlocked - New,699.0,https://www.bestbuy.ca/en-ca/product/google-pixel-6-128gb-stormy-black-unlocked-new/15992498
Google Pixel 8 Pro | 512GB – 6.7’ LTPO OLED Display - Obsidian – Unlocked – New,1249.0,https://www.bestbuy.ca/en-ca/product/google-pixel-8-pro-512gb-6-7-ltpo-oled-display-obsidian-unlocked-new/17491364
Google Pixel 6 Pro 128GB - Stormy Black - Unlocked - New,799.0,https://www.bestbuy.ca/en-ca/product/google-pixel-6-pro-128gb-stormy-black-unlocked-new/15804849
Brand New - Google Pixel 8 Pro 512GB - Porcelain - Unlocked,1149.0,https://www.bestbuy.ca/en-ca/product/brand-new-google-pixel-8-pro-512gb-porcelain-unlocked/18391560
Google Pixel 6 128GB - GSM Unlocked Smartphone - International Model - Brand New - Stormy Black,679.88,https://www.bestbuy.ca/en-ca/product/google-pixel-6-128gb-gsm-unlocked-smartphone-international-model-brand-new-stormy-black/15976895
Google Pixel 7 | 128GB – 6.3’ LTPO AMOLED Display – 50MP – Obsidian – Smartphone – Unlocked - New,699.0,https://www.bestbuy.ca/en-ca/product/google-pixel-7-128gb-6-3-ltpo-amoled-display-50mp-obsidian-smartphone-unlocked-new/16925316
Google Pixel 7 128GB - Lemongrass - Unlocked - New,699.0,https://www.bestbuy.ca/en-ca/product/google-pixel-7-128gb-lemongrass-unlocked-new/16678168
Google - Pixel 7 Pro - 128GB- Hazel - New,1299.0,https://www.bestbuy.ca/en-ca/product/google-pixel-7-pro-128gb-hazel-new/16577533
Google Pixel 7 Pro,999.0,https://www.bestbuy.ca/en-ca/product/google-pixel-7-pro/16562314
Google Pixel 4 64GB Factory Unlocked Smartphone - Just Black,449.99,https://www.bestbuy.ca/en-ca/product/google-pixel-4-64gb-factory-unlocked-smartphone-just-black/16460931
Google Pixel 6 Pro 128GB - Sorta Sunny - Unlocked - New,999.99,https://www.bestbuy.ca/en-ca/product/google-pixel-6-pro-128gb-sorta-sunny-unlocked-new/16283219
Smartphone Google Pixel 3A 64GB Unlocked - Black,199.99,https://www.bestbuy.ca/en-ca/product/smartphone-google-pixel-3a-64gb-unlocked-black/15737546
Google - Pixel 3 - 64GB (Unlocked) - Just Black (GA01284-US),400.0,https://www.bestbuy.ca/en-ca/product/google-pixel-3-64gb-unlocked-just-black-ga01284-us/14882878
Google Pixel 3a XL 64GB Smartphone - Clearly White - Unlocked - New,359.0,https://www.bestbuy.ca/en-ca/product/google-pixel-3a-xl-64gb-smartphone-clearly-white-unlocked-new/14640470
Google Pixel 3 XL 64GB Smartphone - Just Black - Unlocked - New,357.99,https://www.bestbuy.ca/en-ca/product/google-pixel-3-xl-64gb-smartphone-just-black-unlocked-new/14640424
Google Pixel 4 XL 64GB Smartphone - Just Black - Unlocked - Brand New,499.98,https://www.bestbuy.ca/en-ca/product/google-pixel-4-xl-64gb-smartphone-just-black-unlocked-brand-new/14640398
Google Pixel 4 128GB Smartphone - Just Black - Unlocked - New,669.6,https://www.bestbuy.ca/en-ca/product/google-pixel-4-128gb-smartphone-just-black-unlocked-new/14640296
Google Pixel 4 64GB Smartphone - Just Black - Unlocked - New,649.99,https://www.bestbuy.ca/en-ca/product/google-pixel-4-64gb-smartphone-just-black-unlocked-new/14640264
Google Pixel 3 XL 128GB Smartphone - Just Black - Unlocked - New,515.99,https://www.bestbuy.ca/en-ca/product/google-pixel-3-xl-128gb-smartphone-just-black-unlocked-new/14640262
Google Pixel 3a XL 64GB Smartphone - Just Black - Unlocked - New,359.0,https://www.bestbuy.ca/en-ca/product/google-pixel-3a-xl-64gb-smartphone-just-black-unlocked-new/14640258
Google Pixel 4 XL 64GB Smartphone - Clearly White - Unlocked - Brand New,399.99,https://www.bestbuy.ca/en-ca/product/google-pixel-4-xl-64gb-smartphone-clearly-white-unlocked-brand-new/14320029
NEW-GOOGLE PIXEL 2 XL 128GB G011C Just Black Unlocked Smartphone,419.97,https://www.bestbuy.ca/en-ca/product/new-google-pixel-2-xl-128gb-g011c-just-black-unlocked-smartphone/13567133
Google Pixel 2 XL 64GB G011C - Just Black - (Unlocked) Brand New Sealed,299.98,https://www.bestbuy.ca/en-ca/product/google-pixel-2-xl-64gb-g011c-just-black-unlocked-brand-new-sealed/13322985
